{
  "version": "v1.0",
  "metrics": {
    "mae": 10.027875901156664,
    "r2": 0.9799997692809561,
    "accuracy_pct": 92.63
  },
  "n_samples": 8000
}